1,Shaw,Research and Development,28429
2,Tamara,Product Management,49155
3,Tore,Research and Development,58545
4,Sylvester,Engineering,22320
5,Vern,Support,27001
7,Colline,Engineering,66176
9,Bennie,Training,36182
12,Ragnar,Accounting,53860
13,Ferdie,Marketing,23798
14,Claudia,Human Resources,35637
16,Jacinta,Training,90968
19,Cam,Engineering,96148
20,Hart,Research and Development,18134
21,Grazia,Accounting,95865
23,Dore,Training,95498
25,Giulia,Research and Development,23504
28,Vivian,Training,52887
29,Raynor,Engineering,90432
30,Cyrille,Research and Development,57118
31,Yehudit,Human Resources,54973
34,Anne-corinne,Sales,78805
36,Waldo,Engineering,97427
37,Tana,Training,70294
38,Bettine,Product Management,60720
42,Glenna,Training,82176
43,Kylila,Accounting,91747
45,Whitaker,Research and Development,50868
46,Clarance,Sales,70015
47,Ludovika,Legal,71365
49,Lettie,Services,87800
51,Amye,Support,87182
53,Jordon,Legal,28803
55,Celeste,Services,30771
56,Bettye,Research and Development,23775
58,Elene,Legal,46875
59,Maxy,Support,72017
63,Isak,Sales,73834
67,Kristan,Marketing,68009
68,Heath,Support,48906
70,Tarrance,Training,96328
71,Melvin,Human Resources,46390
73,Dell,Sales,83162
76,Tiffany,Product Management,60699
78,Lorne,Support,95138
79,Felike,Product Management,28000
80,Lezley,Legal,22083
81,Zed,Services,17450
82,Carny,Legal,58752
83,Bradly,Business Development,19812
84,Cecilius,Marketing,72513
85,Anatol,Marketing,65829
88,Fania,Marketing,20491
89,Clarance,Product Management,49121
90,Liv,Engineering,99876
91,Darrelle,Support,61888
92,Paige,Services,29260
94,Philomena,Support,56707
95,Kelli,Support,58083
96,Rafael,Marketing,50476
99,Wendeline,Legal,46858
100,Glynis,Sales,85523
102,Almira,Business Development,41476
104,Jarid,Marketing,62682
105,Rutger,Accounting,41899
107,Aloin,Product Management,62392
109,Brunhilda,Engineering,54664
110,Rosemonde,Sales,45973
112,Jayne,Legal,20310
114,Daron,Services,48395
116,Berte,Engineering,38197
118,Johann,Business Development,24271
119,Gena,Engineering,96395
120,Jeth,Sales,25144
121,Hally,Legal,54421
122,Danice,Legal,54927
123,Nigel,Sales,16775
124,Ward,Legal,81401
125,Philippa,Marketing,14186
130,Cart,Legal,95903
131,Deana,Marketing,67574
132,Maximilian,Product Management,56043
133,Ivett,Marketing,17028
139,Elliott,Research and Development,44027
140,Dianne,Services,77721
141,Susan,Accounting,86133
142,Marleah,Services,70308
143,Solly,Engineering,13447
144,Royal,Product Management,45734
146,Roxie,Engineering,82345
147,Ashlan,Human Resources,11052
148,Ives,Accounting,27858
149,Enrichetta,Legal,86794
150,Chaddie,Human Resources,84155
151,Lise,Legal,81909
153,Meggi,Sales,33654
154,Worden,Services,85196
155,Gabriellia,Accounting,15892
156,Virginia,Sales,14064
160,Merle,Services,82842
163,Dorice,Business Development,78611
165,Trace,Training,49061
166,Elvina,Support,90928
167,Lauryn,Accounting,20287
169,Edee,Legal,15189
171,Lilas,Training,48509
172,Gabriele,Sales,93886
173,Kori,Training,59458
175,Sebastiano,Training,82166
177,Shaun,Sales,77019
178,Glynnis,Training,55173
179,Lek,Research and Development,16951
180,Lorie,Product Management,76237
181,Frank,Business Development,16917
182,Dex,Human Resources,36964
186,Glendon,Training,68367
187,Maurise,Human Resources,15826
189,Poppy,Human Resources,87671
190,Rodina,Legal,29398
191,Bartlet,Services,65588
192,Alberik,Accounting,81223
194,Frankie,Human Resources,79150
197,Gregoire,Training,39687
199,Shina,Accounting,65837
200,Alyce,Accounting,77936
202,Derward,Research and Development,43443
205,Harri,Sales,91754
207,Erika,Sales,18323
208,Phillipp,Human Resources,22271
209,Dilan,Accounting,28024
210,Evelin,Support,47566
211,Maxim,Business Development,36819
213,Danya,Accounting,61966
214,Gearard,Engineering,27343
215,Hertha,Accounting,70199
216,Rufe,Business Development,33948
218,Gena,Research and Development,89051
220,Bettina,Marketing,62370
222,Kevina,Human Resources,58416
223,Lorin,Product Management,62115
224,Corenda,Services,11025
225,Imojean,Engineering,79141
226,Halie,Accounting,84235
231,Lesley,Accounting,43904
232,Roderigo,Product Management,94504
234,Berenice,Business Development,29252
236,Hilde,Support,12246
237,Mellisent,Engineering,92211
239,Agace,Legal,55446
241,Rozamond,Research and Development,94512
244,Vera,Business Development,49737
245,Mercie,Product Management,92925
247,Anette,Services,73725
249,Gavin,Business Development,29405
251,Zebedee,Support,85980
253,Gertrud,Human Resources,73485
255,Shaine,Sales,39601
256,Thornton,Training,41492
259,Cloris,Product Management,51838
260,Wang,Services,64132
262,Carlo,Human Resources,94692
263,Guinevere,Marketing,60309
264,Claire,Human Resources,83107
266,Dyann,Services,99982
267,Val,Human Resources,59138
268,Thurstan,Support,35276
269,Neil,Research and Development,35252
270,Arda,Training,29975
272,Uriel,Engineering,68031
274,Minna,Accounting,80615
275,Alf,Training,65325
279,Jeff,Training,24705
281,Josy,Product Management,88826
283,Mildred,Research and Development,54648
287,Adrienne,Engineering,71745
289,Jimmy,Accounting,62580
290,Dotty,Research and Development,10421
291,Hamilton,Business Development,99823
292,Lisle,Accounting,56534
293,Isac,Product Management,18946
294,Sashenka,Research and Development,57730
295,Miof mela,Research and Development,10897
300,Matteo,Human Resources,26093
301,Jarrid,Marketing,51699
302,Siobhan,Marketing,12428
304,Jacob,Services,70675
305,Walliw,Sales,93806
309,Emma,Accounting,67970
314,Veradis,Engineering,66522
315,Vlad,Marketing,76125
318,Jose,Training,42254
319,Karina,Training,94518
320,Abbi,Engineering,41854
322,Selma,Research and Development,87153
324,Jodee,Marketing,98141
325,Miguela,Marketing,14343
326,Jeri,Marketing,40150
327,Del,Accounting,84526
329,Shanta,Legal,54285
332,Erma,Sales,50083
334,Gretna,Marketing,36207
337,Roze,Accounting,47769
342,Zsazsa,Research and Development,83400
343,Currie,Business Development,27920
344,Fonz,Accounting,42702
348,Pincus,Legal,16012
350,Janelle,Business Development,14573
351,Bailey,Accounting,22294
353,Gerta,Support,70213
354,Celestia,Product Management,72383
356,Walther,Services,30290
357,Jen,Services,29944
358,Gian,Accounting,93668
359,Murray,Services,62954
362,Hersch,Services,17075
365,North,Product Management,42151
366,Anthea,Research and Development,27455
367,Frank,Research and Development,38518
368,Rockey,Sales,79834
370,Kliment,Human Resources,83985
371,Elita,Business Development,97004
372,Kienan,Human Resources,25582
373,Granger,Support,79079
375,Olly,Product Management,38341
376,Shela,Engineering,72135
377,Casie,Human Resources,46325
378,Jdavie,Legal,37514
379,Terese,Services,19604
380,Georgeta,Product Management,40904
383,Gran,Training,52722
384,Sterling,Business Development,65077
386,Christiane,Sales,32754
387,Annabelle,Human Resources,96529
388,Taryn,Business Development,95370
390,Eolande,Research and Development,62087
391,Archie,Legal,67792
394,Addi,Business Development,92296
395,Cordey,Product Management,75602
396,Creight,Legal,73223
397,Archer,Engineering,25603
401,Nonie,Business Development,47224
403,Fedora,Marketing,11438
406,Lindsay,Training,87089
409,Ulises,Services,74425
412,Roxanna,Sales,18146
413,Chev,Accounting,16329
414,Glennis,Business Development,45527
417,Dan,Research and Development,68969
419,Davida,Business Development,44964
421,Leese,Business Development,31724
422,Gearard,Human Resources,63341
423,Graehme,Services,57323
424,Jereme,Human Resources,17060
425,Angelita,Services,34436
426,Gan,Services,90391
427,Retha,Engineering,60062
428,Faun,Accounting,66114
429,Laurence,Legal,39244
430,Vivyanne,Services,92486
432,Byran,Services,21498
433,Asher,Human Resources,55432
435,Pip,Services,98449
436,Melonie,Human Resources,57373
437,Kameko,Support,75119
438,Bunny,Marketing,77870
439,Benny,Research and Development,70873
440,Verena,Training,82161
442,Esteban,Training,48529
443,Jessy,Business Development,49324
444,Waldon,Accounting,67838
445,Kingsley,Product Management,81093
446,Magda,Marketing,81625
448,Butch,Accounting,17203
449,Abeu,Marketing,73717
452,Nate,Sales,92077
453,Theda,Accounting,33346
454,Jill,Services,45263
456,Nev,Training,27778
457,Townie,Services,52478
459,Sheryl,Engineering,33047
460,Onofredo,Human Resources,71387
461,Gerianna,Human Resources,53397
462,Genevieve,Engineering,63143
463,Corbin,Accounting,67268
464,Geoffrey,Support,66463
465,Austin,Support,62562
466,Blakeley,Services,64247
468,Flem,Legal,73206
469,Theobald,Research and Development,33242
471,Murielle,Legal,82557
472,Patton,Support,85888
473,Jaimie,Services,86197
476,Roselin,Accounting,95239
477,Ulysses,Research and Development,87330
480,Corbett,Engineering,16043
481,Alonso,Research and Development,60005
482,Natala,Services,48419
483,Adiana,Engineering,45701
484,Stace,Legal,18610
485,Susie,Business Development,74968
486,Rozelle,Sales,13151
488,Lauri,Sales,66269
489,Linc,Accounting,19948
490,Meg,Human Resources,13882
491,Jyoti,Legal,29372
492,Alika,Sales,78002
495,Dorothee,Training,15410
498,Harlie,Business Development,68902
501,Normy,Support,59639
502,Sherm,Human Resources,35991
503,Shelly,Legal,43166
504,Hoyt,Human Resources,76583
506,Tedra,Human Resources,52908
507,Cathee,Business Development,63346
508,Jaynell,Product Management,40126
512,Tildy,Training,94179
517,Torin,Training,40454
518,Barrie,Business Development,35765
519,Lisabeth,Sales,30883
520,Jacky,Business Development,94496
523,Mariska,Legal,97997
524,Irvine,Accounting,93839
525,Selie,Business Development,23519
526,Ruy,Legal,53811
527,Loren,Support,44718
529,Horst,Research and Development,85870
532,Nilson,Engineering,90765
535,Bel,Support,88549
536,Mahmud,Human Resources,12776
537,Julianna,Sales,22667
538,Aube,Product Management,20595
539,Patrice,Sales,63425
540,Gabbi,Sales,93118
542,Vance,Research and Development,92140
543,Pooh,Support,98338
545,Giusto,Research and Development,44945
547,Wash,Legal,57802
551,Lela,Accounting,67084
552,Patrice,Research and Development,77922
553,Vicky,Engineering,55773
557,Biron,Training,73709
558,Hilde,Human Resources,48150
559,Danila,Support,55286
560,Jackson,Engineering,13603
562,Meaghan,Legal,76560
565,Caty,Product Management,35677
568,Shae,Engineering,36965
570,Stormy,Research and Development,35020
572,Cyndy,Research and Development,64688
573,Lisbeth,Support,54735
575,Malva,Legal,92978
577,Deva,Services,11072
578,Leopold,Training,75715
581,Pauletta,Marketing,59040
582,Mirabelle,Support,41763
583,Willie,Support,14786
584,Gerladina,Legal,89626
586,Ulrikaumeko,Accounting,38912
587,Petronilla,Product Management,13782
588,Liane,Support,68662
589,Anson,Engineering,63460
590,Philly,Training,48747
591,Shelley,Research and Development,75465
594,Hillier,Marketing,40951
595,Evered,Research and Development,13908
596,Fernandina,Product Management,45596
597,Kleon,Training,45933
600,Joline,Business Development,60087
601,Tersina,Engineering,16501
603,Deerdre,Research and Development,39240
604,Windy,Accounting,36449
605,Hurley,Marketing,69921
606,Janka,Sales,30954
608,Siegfried,Sales,37463
609,Cristal,Sales,60493
610,Leora,Engineering,80139
611,Lewie,Legal,85164
612,Bennett,Research and Development,28131
613,Darcy,Training,69084
614,Letitia,Legal,24738
616,Michel,Marketing,86284
618,Ulises,Legal,10923
619,Kordula,Product Management,11232
620,Martha,Support,20801
621,Faythe,Research and Development,57400
622,Alasdair,Research and Development,66682
624,Brook,Research and Development,39572
625,Catherin,Human Resources,94363
627,Genvieve,Sales,45515
628,Pincas,Business Development,36026
629,Marney,Accounting,50841
631,Andre,Sales,86792
635,Boonie,Training,23988
637,Wren,Training,98564
638,Debee,Accounting,49425
640,Conney,Legal,20935
641,Colver,Marketing,23689
642,Janine,Sales,40402
643,Glendon,Training,82291
646,Margi,Accounting,11157
647,Georgena,Product Management,28095
648,Carl,Research and Development,99272
650,Cristi,Research and Development,15300
652,Lesley,Marketing,27668
653,Edin,Accounting,24193
654,Ced,Sales,37362
655,Stepha,Marketing,19570
656,Hetty,Product Management,97967
658,Ogden,Sales,95037
659,Raleigh,Business Development,21313
660,Perkin,Business Development,65929
663,Freddie,Marketing,90830
667,Deirdre,Legal,28564
669,Blinny,Training,28611
671,Jaymie,Marketing,91761
672,Charmine,Product Management,34968
675,Doroteya,Training,50138
679,Jonis,Marketing,31601
680,Richmound,Human Resources,37289
681,Adler,Services,86426
682,Daron,Legal,64894
683,Merry,Human Resources,11303
686,Griselda,Legal,88855
687,Granger,Legal,75528
688,Arlen,Accounting,24824
691,Dimitry,Research and Development,38181
692,Britt,Human Resources,64303
694,Ruggiero,Services,87918
695,Amye,Sales,15924
696,Farand,Engineering,28978
697,Vick,Product Management,41982
698,Carine,Legal,72217
700,Truman,Product Management,84101
702,Silvio,Accounting,92444
703,Mike,Training,27109
704,Patrice,Legal,24536
705,Valentina,Services,49166
706,Bertrando,Services,76211
710,Renata,Services,73276
711,Goldarina,Product Management,39012
712,Vitia,Sales,24870
713,Ethyl,Support,99898
714,Vinnie,Legal,99216
716,Weber,Accounting,43281
717,Moe,Sales,58951
720,Mandi,Accounting,42820
721,Elfrieda,Research and Development,86577
726,Nerissa,Training,44179
728,Ricca,Accounting,16785
729,Sheila-kathryn,Research and Development,69475
730,Sunshine,Marketing,97842
731,Haroun,Research and Development,20039
732,Donnamarie,Support,36299
733,Benny,Marketing,52421
736,Bird,Research and Development,23826
737,Emelda,Services,18063
738,Yance,Services,22624
740,Aloysius,Research and Development,17570
743,Rafferty,Marketing,18350
744,Lacie,Product Management,84114
745,Merissa,Human Resources,77084
748,Polly,Sales,59128
749,Nikolos,Services,66934
752,Olive,Human Resources,75702
753,Flemming,Services,13334
754,Goldi,Accounting,55730
757,Randie,Legal,31129
758,Tressa,Legal,15866
762,Delaney,Services,80200
764,Templeton,Research and Development,85125
765,Stefano,Support,98280
766,Emlyn,Engineering,84835
767,Lyndel,Legal,59413
768,Staffard,Research and Development,22020
769,Chiquita,Support,57760
770,Kalli,Product Management,57706
774,Randie,Accounting,53905
776,Inessa,Services,50139
777,Hoebart,Services,83404
778,Ardys,Training,77984
779,Olin,Marketing,89990
781,Clerissa,Product Management,39977
783,Cob,Human Resources,75474
784,Tymon,Sales,23003
785,Wally,Accounting,89427
786,Elsbeth,Product Management,76763
789,Amabel,Marketing,94835
791,Edik,Research and Development,49050
792,Brantley,Training,84909
793,Lianne,Research and Development,30158
795,Carolynn,Legal,89396
796,Gare,Research and Development,63075
800,Madelyn,Research and Development,27003
801,Barde,Research and Development,22499
802,Jarad,Business Development,32671
803,Maxie,Business Development,96777
806,Katlin,Engineering,89523
807,Dagny,Human Resources,50848
809,Elston,Training,80353
811,Paule,Engineering,70059
812,Ilyse,Human Resources,99451
813,Laurie,Research and Development,30345
814,Glenn,Product Management,83969
816,Luisa,Support,24137
817,Belita,Engineering,98689
818,Axel,Training,78667
824,Starlene,Business Development,72196
826,Berky,Services,30236
828,Stanislaus,Engineering,35660
829,Marketa,Legal,23116
830,Tyrus,Legal,17516
831,Erinn,Sales,39921
833,Thorvald,Training,81502
836,Jo-anne,Product Management,25307
837,Edwina,Marketing,61646
839,Rutledge,Accounting,50805
840,Sigfried,Research and Development,92754
841,Wilmette,Sales,29390
843,Lane,Product Management,72454
845,Arnoldo,Product Management,20573
848,Wilburt,Human Resources,43352
849,Hillary,Sales,64302
850,Huntley,Human Resources,38235
851,Clemmie,Training,36105
852,Nyssa,Product Management,57127
853,Madeleine,Product Management,29312
854,Rosanne,Engineering,18539
855,Henrie,Services,27741
856,Colette,Business Development,67058
857,Mendy,Accounting,24424
859,Almeria,Product Management,75330
861,Jewelle,Legal,84785
864,Marlo,Accounting,70782
865,Jory,Research and Development,11152
866,Allistir,Support,83593
867,Jeffrey,Training,46247
868,Francisca,Human Resources,38429
869,Barthel,Accounting,66277
870,Tanhya,Human Resources,24729
872,Travis,Training,56035
873,Winfred,Services,62070
874,Shay,Sales,21739
878,Lorinda,Marketing,81547
879,Delmer,Services,44231
882,Leonard,Research and Development,90545
884,Georgia,Human Resources,48401
886,Erica,Sales,73974
887,Sonni,Accounting,88794
888,Craig,Research and Development,93686
889,Carlene,Legal,37927
890,Reg,Sales,60383
891,Jennie,Legal,55315
893,Florenza,Marketing,23675
894,Neville,Engineering,76422
895,Lionel,Engineering,51083
896,Yorker,Business Development,75767
898,Shelby,Human Resources,27946
900,Victor,Sales,61904
901,Farra,Business Development,16865
902,Glynda,Support,75310
903,Prince,Research and Development,80139
904,Gerda,Training,23786
905,Carlye,Engineering,12293
906,Gratia,Accounting,70529
907,Lucine,Sales,95719
908,Shea,Human Resources,25770
909,Andromache,Support,35485
911,Ernestus,Support,96259
912,Cassandry,Legal,72569
913,Gayel,Sales,73187
914,Orelia,Sales,97593
915,Rourke,Legal,79533
916,Tiffanie,Services,52030
918,Markos,Accounting,46657
921,Paul,Support,23411
922,Tuck,Marketing,47509
924,Biddie,Accounting,93971
926,Scottie,Services,37691
927,Gerrilee,Product Management,13004
929,Lion,Accounting,65358
930,Gavra,Support,42432
931,Hedy,Support,80967
932,Devin,Sales,96873
933,Odette,Research and Development,85636
935,Harmonie,Business Development,65002
936,Marlo,Accounting,49684
937,Cordie,Engineering,91750
938,Welch,Services,40668
939,Alicia,Marketing,68928
940,Will,Business Development,14850
942,Jim,Services,56023
944,Judith,Human Resources,21234
945,Susan,Business Development,97985
946,Gerri,Product Management,27599
947,Klemens,Marketing,66798
948,Drud,Legal,11088
951,Hasty,Training,21618
955,Steffane,Human Resources,70383
956,Arin,Engineering,93674
960,Brigham,Support,42433
961,Vikki,Services,10731
965,Donavon,Research and Development,29936
966,Patty,Business Development,23545
968,Elka,Support,75965
971,Mab,Legal,22142
972,Lawry,Accounting,12227
974,Jimmie,Product Management,57710
975,Lorita,Business Development,27406
976,Kerrie,Accounting,18490
980,Nicolai,Services,53541
982,Avie,Sales,94418
983,Allis,Legal,55475
984,Dacey,Sales,12427
985,Franky,Business Development,21663
987,Dennie,Business Development,60398
989,Abigael,Product Management,92555
990,Ivan,Sales,10758
991,Pepe,Training,50831
993,Matthaeus,Accounting,18621
994,Bev,Business Development,61864
995,Richard,Human Resources,69346
997,Farrel,Sales,99663
1000,Pietrek,Research and Development,14000
